-- ***** INSERT USERS *****
INSERT INTO USERS (first_name, last_name, email, birthday, roles, password) VALUES ('badGuy', 'badGuy_surname', 'badGuy@gmail.com', '2000-09-01', 'ROLE_USER', '$2a$10$rncaLsl6SWXkQq5SMJNx8OyL.QQuAFv4aXBmRQEhfUMAHhzMk9Qwe');
INSERT INTO USERS (first_name, last_name, email, birthday, roles, password) VALUES ('alex', 'alex_last_name', 'alex@yahoo.com', '1985-11-10', 'ROLE_USER', '$2a$10$rncaLsl6SWXkQq5SMJNx8OyL.QQuAFv4aXBmRQEhfUMAHhzMk9Qwe');
INSERT INTO USERS (first_name, last_name, email, birthday, roles, password) VALUES ('air', 'air_surname', 'air@gmail.com', '1982-09-14', 'ROLE_USER', '$2a$10$rncaLsl6SWXkQq5SMJNx8OyL.QQuAFv4aXBmRQEhfUMAHhzMk9Qwe');
INSERT INTO USERS (first_name, last_name, email, birthday, roles, password) VALUES ('lion', 'liahushau', 'lion@gmail.com', '2010-08-07', 'ROLE_USER', '$2a$10$rncaLsl6SWXkQq5SMJNx8OyL.QQuAFv4aXBmRQEhfUMAHhzMk9Qwe');
INSERT INTO USERS (first_name, last_name, email, birthday, roles, password) VALUES ('nastya', 'nastya surname', 'nastya@gmail.com', '2001-05-01', 'ROLE_USER', '$2a$10$rncaLsl6SWXkQq5SMJNx8OyL.QQuAFv4aXBmRQEhfUMAHhzMk9Qwe');
INSERT INTO USERS (first_name, last_name, email, birthday, roles, password) VALUES ('bookingManager', 'bookingManagerName', 'bookingManager@bookingManager.ru', '1982-09-14', 'ROLE_USER, ROLE_BOOKING_MANAGER', '$2a$10$rncaLsl6SWXkQq5SMJNx8OyL.QQuAFv4aXBmRQEhfUMAHhzMk9Qwe');
INSERT INTO USERS (first_name, last_name, email, birthday, roles, password) VALUES ('admin', 'adminName', 'admin@admin.ru', '1982-09-14', 'ROLE_USER, ROLE_ADMIN', '$2a$10$rncaLsl6SWXkQq5SMJNx8OyL.QQuAFv4aXBmRQEhfUMAHhzMk9Qwe');
INSERT INTO USERS (first_name, last_name, email, birthday, roles, password) VALUES ('user', 'userName', 'user@user.ru', '1982-09-14', 'ROLE_USER', '$2a$10$rncaLsl6SWXkQq5SMJNx8OyL.QQuAFv4aXBmRQEhfUMAHhzMk9Qwe');

-- ***** INSERT USER_ACCOUNT *****
INSERT INTO USER_ACCOUNT (USER_ID, AMOUNT) VALUES (7, 1000.0);
INSERT INTO USER_ACCOUNT (USER_ID, AMOUNT) VALUES (8, 1000.0);

-- ***** INSERT EVENTS *****
INSERT INTO EVENTS (NAME, BASE_PRICE, RATING) VALUES ('MAD MAX', 23.0, 'HIGH');
INSERT INTO EVENTS (NAME, BASE_PRICE, RATING) VALUES ('Solaris', 50.0, 'LOW');
INSERT INTO EVENTS (NAME, BASE_PRICE, RATING) VALUES ('James Bond', 100.0, 'HIGH');
INSERT INTO EVENTS (NAME, BASE_PRICE, RATING) VALUES ('MISSION IMPOSSIBLE', 12.0, 'MID');
INSERT INTO EVENTS (NAME, BASE_PRICE, RATING) VALUES ('TITANIC', 5.0, 'HIGH');

-- ***** INSERT EVENT_AIR_DATE *****
INSERT INTO EVENT_AIR_DATES (EVENT_ID, AIR_DATE) VALUES (1, '2016-01-01 23:03:20');
INSERT INTO EVENT_AIR_DATES (EVENT_ID, AIR_DATE) VALUES (1, '2016-02-15 10:30:00');
INSERT INTO EVENT_AIR_DATES (EVENT_ID, AIR_DATE) VALUES (1, '2016-03-20 15:00:00');
INSERT INTO EVENT_AIR_DATES (EVENT_ID, AIR_DATE) VALUES (1, '2016-04-25 19:30:00');
INSERT INTO EVENT_AIR_DATES (EVENT_ID, AIR_DATE) VALUES (1, '2016-05-30 20:00:00');

INSERT INTO EVENT_AIR_DATES (EVENT_ID, AIR_DATE) VALUES (2, '2016-01-01 23:03:20');
INSERT INTO EVENT_AIR_DATES (EVENT_ID, AIR_DATE) VALUES (2, '2016-02-15 10:30:00');
INSERT INTO EVENT_AIR_DATES (EVENT_ID, AIR_DATE) VALUES (2, '2016-03-20 15:00:00');
INSERT INTO EVENT_AIR_DATES (EVENT_ID, AIR_DATE) VALUES (2, '2016-04-25 19:30:00');
INSERT INTO EVENT_AIR_DATES (EVENT_ID, AIR_DATE) VALUES (2, '2016-05-30 20:00:00');

INSERT INTO EVENT_AIR_DATES (EVENT_ID, AIR_DATE) VALUES (3, '2016-01-01 23:03:20');
INSERT INTO EVENT_AIR_DATES (EVENT_ID, AIR_DATE) VALUES (3, '2016-02-15 10:30:00');
INSERT INTO EVENT_AIR_DATES (EVENT_ID, AIR_DATE) VALUES (3, '2016-03-20 15:00:00');
INSERT INTO EVENT_AIR_DATES (EVENT_ID, AIR_DATE) VALUES (3, '2016-04-25 19:30:00');
INSERT INTO EVENT_AIR_DATES (EVENT_ID, AIR_DATE) VALUES (3, '2016-05-30 20:00:00');

INSERT INTO EVENT_AIR_DATES (EVENT_ID, AIR_DATE) VALUES (4, '2016-01-01 23:03:20');
INSERT INTO EVENT_AIR_DATES (EVENT_ID, AIR_DATE) VALUES (4, '2016-02-15 10:30:00');
INSERT INTO EVENT_AIR_DATES (EVENT_ID, AIR_DATE) VALUES (4, '2016-03-20 15:00:00');
INSERT INTO EVENT_AIR_DATES (EVENT_ID, AIR_DATE) VALUES (4, '2016-04-25 19:30:00');
INSERT INTO EVENT_AIR_DATES (EVENT_ID, AIR_DATE) VALUES (4, '2016-05-30 20:00:00');

INSERT INTO EVENT_AIR_DATES (EVENT_ID, AIR_DATE) VALUES (5, '2016-01-01 23:03:20');
INSERT INTO EVENT_AIR_DATES (EVENT_ID, AIR_DATE) VALUES (5, '2016-02-15 10:30:00');
INSERT INTO EVENT_AIR_DATES (EVENT_ID, AIR_DATE) VALUES (5, '2016-03-20 15:00:00');
INSERT INTO EVENT_AIR_DATES (EVENT_ID, AIR_DATE) VALUES (5, '2016-04-25 19:30:00');
INSERT INTO EVENT_AIR_DATES (EVENT_ID, AIR_DATE) VALUES (5, '2016-05-30 20:00:00');

-- ***** INSERT AUDITORIUMS *****
INSERT INTO AUDITORIUMS (AUDITORIUM_NAME, SEATS) VALUES ('Chirvons Zorka', 311);
INSERT INTO AUDITORIUMS (AUDITORIUM_NAME, SEATS) VALUES ('Vetraz', 210);
INSERT INTO AUDITORIUMS (AUDITORIUM_NAME, SEATS) VALUES ('October', 150);

-- ***** INSERT AUDITORIUM_VIP_SEATS *****
INSERT INTO AUDITORIUM_VIP_SEATS (AUDITORIUM_NAME, VIP_SEAT) VALUES ('Chirvons Zorka', 1);
INSERT INTO AUDITORIUM_VIP_SEATS (AUDITORIUM_NAME, VIP_SEAT) VALUES ('Chirvons Zorka', 3);
INSERT INTO AUDITORIUM_VIP_SEATS (AUDITORIUM_NAME, VIP_SEAT) VALUES ('Chirvons Zorka', 11);
INSERT INTO AUDITORIUM_VIP_SEATS (AUDITORIUM_NAME, VIP_SEAT) VALUES ('Chirvons Zorka', 31);
INSERT INTO AUDITORIUM_VIP_SEATS (AUDITORIUM_NAME, VIP_SEAT) VALUES ('Chirvons Zorka', 28);
INSERT INTO AUDITORIUM_VIP_SEATS (AUDITORIUM_NAME, VIP_SEAT) VALUES ('Chirvons Zorka', 16);

INSERT INTO AUDITORIUM_VIP_SEATS (AUDITORIUM_NAME, VIP_SEAT) VALUES ('Vetraz', 5);
INSERT INTO AUDITORIUM_VIP_SEATS (AUDITORIUM_NAME, VIP_SEAT) VALUES ('Vetraz', 2);
INSERT INTO AUDITORIUM_VIP_SEATS (AUDITORIUM_NAME, VIP_SEAT) VALUES ('Vetraz', 6);
INSERT INTO AUDITORIUM_VIP_SEATS (AUDITORIUM_NAME, VIP_SEAT) VALUES ('Vetraz', 10);
INSERT INTO AUDITORIUM_VIP_SEATS (AUDITORIUM_NAME, VIP_SEAT) VALUES ('Vetraz', 30);
INSERT INTO AUDITORIUM_VIP_SEATS (AUDITORIUM_NAME, VIP_SEAT) VALUES ('Vetraz', 55);

INSERT INTO AUDITORIUM_VIP_SEATS (AUDITORIUM_NAME, VIP_SEAT) VALUES ('October', 1);
INSERT INTO AUDITORIUM_VIP_SEATS (AUDITORIUM_NAME, VIP_SEAT) VALUES ('October', 2);
INSERT INTO AUDITORIUM_VIP_SEATS (AUDITORIUM_NAME, VIP_SEAT) VALUES ('October', 7);
INSERT INTO AUDITORIUM_VIP_SEATS (AUDITORIUM_NAME, VIP_SEAT) VALUES ('October', 8);
INSERT INTO AUDITORIUM_VIP_SEATS (AUDITORIUM_NAME, VIP_SEAT) VALUES ('October', 10);
INSERT INTO AUDITORIUM_VIP_SEATS (AUDITORIUM_NAME, VIP_SEAT) VALUES ('October', 12);


-- ***** INSERT EVENT_AIR_DATE *****
INSERT INTO EVENT_AUDITORIUM_DATE (EVENT_ID, AUDITORIUM_NAME, DATE) VALUES (1, 'Chirvons Zorka','2016-01-01 23:03:20');
INSERT INTO EVENT_AUDITORIUM_DATE (EVENT_ID, AUDITORIUM_NAME, DATE) VALUES (1, 'Chirvons Zorka','2016-02-15 10:30:00');
INSERT INTO EVENT_AUDITORIUM_DATE (EVENT_ID, AUDITORIUM_NAME, DATE) VALUES (1, 'Chirvons Zorka','2016-03-20 15:00:00');
INSERT INTO EVENT_AUDITORIUM_DATE (EVENT_ID, AUDITORIUM_NAME, DATE) VALUES (1, 'Chirvons Zorka','2016-04-25 19:30:00');
INSERT INTO EVENT_AUDITORIUM_DATE (EVENT_ID, AUDITORIUM_NAME, DATE) VALUES (1, 'Chirvons Zorka','2016-05-30 20:00:00');

INSERT INTO EVENT_AUDITORIUM_DATE (EVENT_ID, AUDITORIUM_NAME, DATE) VALUES (2, 'Vetraz','2016-01-01 23:03:20');
INSERT INTO EVENT_AUDITORIUM_DATE (EVENT_ID, AUDITORIUM_NAME, DATE) VALUES (2, 'Vetraz','2016-02-15 10:30:00');
INSERT INTO EVENT_AUDITORIUM_DATE (EVENT_ID, AUDITORIUM_NAME, DATE) VALUES (2, 'Vetraz','2016-03-20 15:00:00');
INSERT INTO EVENT_AUDITORIUM_DATE (EVENT_ID, AUDITORIUM_NAME, DATE) VALUES (2, 'Vetraz','2016-04-25 19:30:00');
INSERT INTO EVENT_AUDITORIUM_DATE (EVENT_ID, AUDITORIUM_NAME, DATE) VALUES (2, 'Vetraz','2016-05-30 20:00:00');

INSERT INTO EVENT_AUDITORIUM_DATE (EVENT_ID, AUDITORIUM_NAME, DATE) VALUES (3, 'October','2016-01-01 23:03:20');
INSERT INTO EVENT_AUDITORIUM_DATE (EVENT_ID, AUDITORIUM_NAME, DATE) VALUES (3, 'October','2016-02-15 10:30:00');
INSERT INTO EVENT_AUDITORIUM_DATE (EVENT_ID, AUDITORIUM_NAME, DATE) VALUES (3, 'October','2016-03-20 15:00:00');
INSERT INTO EVENT_AUDITORIUM_DATE (EVENT_ID, AUDITORIUM_NAME, DATE) VALUES (3, 'October','2016-04-25 19:30:00');
INSERT INTO EVENT_AUDITORIUM_DATE (EVENT_ID, AUDITORIUM_NAME, DATE) VALUES (3, 'October','2016-05-30 20:00:00');

INSERT INTO EVENT_AUDITORIUM_DATE (EVENT_ID, AUDITORIUM_NAME, DATE) VALUES (4, 'October','2016-01-01 23:03:20');
INSERT INTO EVENT_AUDITORIUM_DATE (EVENT_ID, AUDITORIUM_NAME, DATE) VALUES (4, 'October','2016-02-15 10:30:00');
INSERT INTO EVENT_AUDITORIUM_DATE (EVENT_ID, AUDITORIUM_NAME, DATE) VALUES (4, 'October','2016-03-20 15:00:00');
INSERT INTO EVENT_AUDITORIUM_DATE (EVENT_ID, AUDITORIUM_NAME, DATE) VALUES (4, 'October','2016-04-25 19:30:00');
INSERT INTO EVENT_AUDITORIUM_DATE (EVENT_ID, AUDITORIUM_NAME, DATE) VALUES (4, 'October','2016-05-30 20:00:00');

INSERT INTO EVENT_AUDITORIUM_DATE (EVENT_ID, AUDITORIUM_NAME, DATE) VALUES (5, 'Chirvons Zorka','2016-02-15 10:30:00');
INSERT INTO EVENT_AUDITORIUM_DATE (EVENT_ID, AUDITORIUM_NAME, DATE) VALUES (5, 'Chirvons Zorka','2016-01-01 23:03:20');
INSERT INTO EVENT_AUDITORIUM_DATE (EVENT_ID, AUDITORIUM_NAME, DATE) VALUES (5, 'Chirvons Zorka','2016-02-15 10:30:00');
INSERT INTO EVENT_AUDITORIUM_DATE (EVENT_ID, AUDITORIUM_NAME, DATE) VALUES (5, 'Chirvons Zorka','2016-03-20 15:00:00');
INSERT INTO EVENT_AUDITORIUM_DATE (EVENT_ID, AUDITORIUM_NAME, DATE) VALUES (5, 'Chirvons Zorka','2016-04-25 19:30:00');
INSERT INTO EVENT_AUDITORIUM_DATE (EVENT_ID, AUDITORIUM_NAME, DATE) VALUES (5, 'Chirvons Zorka','2016-05-30 20:00:00');

-- ***** INSERT TICKETS *****
INSERT INTO TICKETS (EVENT_ID, USER_ID, DATE_TIME, SEAT, PURCHASED) VALUES (1, 8, '2016-01-01 23:03:20', 1, false);
